Workbook

Sheet RawData
A1: CustomerID | B1: FirstOrderDate | C1: OrderDate | D1: Cohort month | E1: Cohort No.
A2: C001 | B2: 44927 | C2: 44927 | D2: =TEXT(B2, "YYYY-MM") -> 2023-01 | E2: =DATEDIF(B2,C2,"M") -> 0
A3: C001 | B3: 44927 | C3: 44972 | D3: =TEXT(B3, "YYYY-MM") -> 2023-01 | E3: =DATEDIF(B3,C3,"M") -> 1
A4: C001 | B4: 44927 | C4: 45026 | D4: =TEXT(B4, "YYYY-MM") -> 2023-01 | E4: =DATEDIF(B4,C4,"M") -> 3
A5: C002 | B5: 44927 | C5: 44931 | D5: =TEXT(B5, "YYYY-MM") -> 2023-01 | E5: =DATEDIF(B5,C5,"M") -> 0
A6: C002 | B6: 44927 | C6: 45005 | D6: =TEXT(B6, "YYYY-MM") -> 2023-01 | E6: =DATEDIF(B6,C6,"M") -> 2
A7: C003 | B7: 44958 | C7: 44960 | D7: =TEXT(B7, "YYYY-MM") -> 2023-02 | E7: =DATEDIF(B7,C7,"M") -> 0
A8: C003 | B8: 44958 | C8: 45010 | D8: =TEXT(B8, "YYYY-MM") -> 2023-02 | E8: =DATEDIF(B8,C8,"M") -> 1
A9: C003 | B9: 44958 | C9: 45064 | D9: =TEXT(B9, "YYYY-MM") -> 2023-02 | E9: =DATEDIF(B9,C9,"M") -> 3
A10: C004 | B10: 44958 | C10: 44964 | D10: =TEXT(B10, "YYYY-MM") -> 2023-02 | E10: =DATEDIF(B10,C10,"M") -> 0
A11: C005 | B11: 44958 | C11: 44971 | D11: =TEXT(B11, "YYYY-MM") -> 2023-02 | E11: =DATEDIF(B11,C11,"M") -> 0
A12: C005 | B12: 44958 | C12: 45046 | D12: =TEXT(B12, "YYYY-MM") -> 2023-02 | E12: =DATEDIF(B12,C12,"M") -> 2
A13: C006 | B13: 44986 | C13: 44987 | D13: =TEXT(B13, "YYYY-MM") -> 2023-03 | E13: =DATEDIF(B13,C13,"M") -> 0
... A25: C014 | B25: 45047 | C25: 45067 | D25: =TEXT(B25, "YYYY-MM") -> 2023-05 | E25: =DATEDIF(B25,C25,"M") -> 0

Sheet CohortTable
G1: CUSTOMER COHORT RETENTION ANALYSIS - 2023
A3: cohort | B3: 0 | C3: 1 | D3: 2 | E3: 3 | F3: 4 | G3: 5
A4: 2023-01 | B4: =COUNTIFS(RawData!$D:$D,$A4,RawData!$E:$E,B$3) -> 2 | C4: =COUNTIFS(RawData!$D:$D,$A4,RawData!$E:$E,C$3) -> 1 | D4: =COUNTIFS(RawData!$D:$D,$A4,RawData!$E:$E,D$3) -> 1 | E4: =COUNTIFS(RawData!$D:$D,$A4,RawData!$E:$E,E$3) -> 1 | F4: =COUNTIFS(RawData!$D:$D,$A4,RawData!$E:$E,F$3) -> 0 | G4: =COUNTIFS(RawData!$D:$D,$A4,RawData!$E:$E,G$3) -> 0
A5: 2023-02 | B5: =COUNTIFS(RawData!$D:$D,$A5,RawData!$E:$E,B$3) -> 3 | C5: =COUNTIFS(RawData!$D:$D,$A5,RawData!$E:$E,C$3) -> 1 | D5: =COUNTIFS(RawData!$D:$D,$A5,RawData!$E:$E,D$3) -> 1 | E5: =COUNTIFS(RawData!$D:$D,$A5,RawData!$E:$E,E$3) -> 1 | F5: =COUNTIFS(RawData!$D:$D,$A5,RawData!$E:$E,F$3) -> 0 | G5: =COUNTIFS(RawData!$D:$D,$A5,RawData!$E:$E,G$3) -> 0
A6: 2023-03 | B6: =COUNTIFS(RawData!$D:$D,$A6,RawData!$E:$E,B$3) -> 3 | C6: =COUNTIFS(RawData!$D:$D,$A6,RawData!$E:$E,C$3) -> 1 | D6: =COUNTIFS(RawData!$D:$D,$A6,RawData!$E:$E,D$3) -> 1 | E6: =COUNTIFS(RawData!$D:$D,$A6,RawData!$E:$E,E$3) -> 0 | F6: =COUNTIFS(RawData!$D:$D,$A6,RawData!$E:$E,F$3) -> 0 | G6: =COUNTIFS(RawData!$D:$D,$A6,RawData!$E:$E,G$3) -> 0
A7: 2023-04 | B7: =COUNTIFS(RawData!$D:$D,$A7,RawData!$E:$E,B$3) -> 3 | C7: =COUNTIFS(RawData!$D:$D,$A7,RawData!$E:$E,C$3) -> 1 | D7: =COUNTIFS(RawData!$D:$D,$A7,RawData!$E:$E,D$3) -> 0 | E7: =COUNTIFS(RawData!$D:$D,$A7,RawData!$E:$E,E$3) -> 0 | F7: =COUNTIFS(RawData!$D:$D,$A7,RawData!$E:$E,F$3) -> 0 | G7: =COUNTIFS(RawData!$D:$D,$A7,RawData!$E:$E,G$3) -> 0
A8: 2023-05 | B8: =COUNTIFS(RawData!$D:$D,$A8,RawData!$E:$E,B$3) -> 3 | C8: =COUNTIFS(RawData!$D:$D,$A8,RawData!$E:$E,C$3) -> 1 | D8: =COUNTIFS(RawData!$D:$D,$A8,RawData!$E:$E,D$3) -> 0 | E8: =COUNTIFS(RawData!$D:$D,$A8,RawData!$E:$E,E$3) -> 0 | F8: =COUNTIFS(RawData!$D:$D,$A8,RawData!$E:$E,F$3) -> 0 | G8: =COUNTIFS(RawData!$D:$D,$A8,RawData!$E:$E,G$3) -> 0
A11: Cohort | B11: 0 | C11: 1 | D11: 2 | E11: 3 | F11: 4 | G11: 5
A12: 2023-01 | B12: =B4/$B4 -> 1 | C12: =C4/$B4 -> 0.5 | D12: =D4/$B4 -> 0.5 | E12: =E4/$B4 -> 0.5 | F12: =F4/$B4 -> 0 | G12: =G4/$B4 -> 0
A13: 2023-02 | B13: =B5/$B5 -> 1 | C13: =C5/$B5 -> 0.33333333 | D13: =D5/$B5 -> 0.33333333 | E13: =E5/$B5 -> 0.33333333 | F13: =F5/$B5 -> 0 | G13: =G5/$B5 -> 0
A14: 2023-03 | B14: =B6/$B6 -> 1 | C14: =C6/$B6 -> 0.33333333 | D14: =D6/$B6 -> 0.33333333 | E14: =E6/$B6 -> 0 | F14: =F6/$B6 -> 0 | G14: =G6/$B6 -> 0
A15: 2023-04 | B15: =B7/$B7 -> 1 | C15: =C7/$B7 -> 0.33333333 | D15: =D7/$B7 -> 0 | E15: =E7/$B7 -> 0 | F15: =F7/$B7 -> 0 | G15: =G7/$B7 -> 0
A16: 2023-05 | B16: =B8/$B8 -> 1 | C16: =C8/$B8 -> 0.33333333 | D16: =D8/$B8 -> 0 | E16: =E8/$B8 -> 0 | F16: =F8/$B8 -> 0 | G16: =G8/$B8 -> 0
